{"epoch": 9, "loss": 0.008376029320061207, "_timestamp": 1704464556.6954293, "_runtime": 48.6614134311676, "_step": 9, "_wandb": {"runtime": 47}}