{"epoch": 9, "loss": 0.005846396554261446, "_timestamp": 1704461294.2329776, "_runtime": 22.6823947429657, "_step": 9, "_wandb": {"runtime": 22}}