{"epoch": 9, "loss": 0.011654485017061234, "_timestamp": 1704460529.946745, "_runtime": 28.337944984436035, "_step": 9, "_wandb": {"runtime": 28}}