{"epoch": 9, "loss": 0.005263958126306534, "_timestamp": 1704461048.7190287, "_runtime": 24.004251718521118, "_step": 9, "_wandb": {"runtime": 23}}