{"epoch": 9, "loss": 0.006775757763534784, "_timestamp": 1704461179.9643028, "_runtime": 27.76651382446289, "_step": 9, "_wandb": {"runtime": 27}}